{
  "/wanderingW": {
    "min": 0,
    "max": 1,
    "value": 0.29999998211860657
  },
  "/seperationPerceptionRad": {
    "min": 0,
    "max": 150,
    "value": 72
  },
  "/seperationW": {
    "min": 0,
    "max": 10,
    "value": 1.2999999523162842
  },
  "/volume": {
    "min": 0,
    "max": 1,
    "value": 1
  },
  "/flowerScale": {
    "min": 0,
    "max": 1,
    "value": 0.9099999666213989
  },
  "/foodW": {
    "min": 0,
    "max": 20,
    "value": 0.5999999642372131
  },
  "/alignmentPerceptionRad": {
    "min": 0,
    "max": 150,
    "value": 121.5
  },
  "/alignmentW": {
    "min": 0,
    "max": 5,
    "value": 1.0499999523162842
  },
  "/cohesionPerceptionRad": {
    "min": 0,
    "max": 150,
    "value": 121.5
  },
  "/foodPerceptionRad": {
    "min": 0,
    "max": 150,
    "value": 100.49999237060547
  },
  "/cohesionW": {
    "min": 0,
    "max": 5,
    "value": 0.699999988079071
  },
  "/numFood": {
    "min": 0,
    "max": 500,
    "value": 355
  },
  "/aheadDistance": {
    "min": 0,
    "max": 100,
    "value": 30.000001907348633
  },
  "/agentScale": {
    "min": 0,
    "max": 3,
    "value": 2.0399999618530273
  },
  "/numAgents": {
    "min": 0,
    "max": 200,
    "value": 53.999996185302734
  }
}