{
  "/wanderingW": {
    "min": 0,
    "max": 1,
    "value": 1
  },
  "/seperationPerceptionRad": {
    "min": 0,
    "max": 150,
    "value": 150
  },
  "/seperationW": {
    "min": 0,
    "max": 1,
    "value": 0.5199999809265137
  },
  "/volume": {
    "min": 0,
    "max": 1,
    "value": 1
  },
  "/flowerScale": {
    "min": 0,
    "max": 1,
    "value": 0.9099999666213989
  },
  "/foodW": {
    "min": 0,
    "max": 2,
    "value": 0.25999999046325684
  },
  "/mediaAvoidanceW": {
    "min": 0,
    "max": 1,
    "value": 0.19999998807907104
  },
  "/foodPerceptionRad": {
    "min": 0,
    "max": 150,
    "value": 87
  },
  "/mediaAttractionW": {
    "min": 0,
    "max": 1,
    "value": 0.8100000023841858
  },
  "/numFood": {
    "min": 0,
    "max": 500,
    "value": 299.9999694824219
  },
  "/aheadDistance": {
    "min": 0,
    "max": 100,
    "value": 30.000001907348633
  },
  "/agentScale": {
    "min": 0,
    "max": 3,
    "value": 2.7599997520446777
  },
  "/mediaPerceptionRad": {
    "min": 0,
    "max": 150,
    "value": 88.49999237060547
  },
  "/numAgents": {
    "min": 0,
    "max": 200,
    "value": 22
  }
}