{
  "/wanderingW": {
    "min": 0,
    "max": 1,
    "value": 0.3199999928474426
  },
  "/seperationPerceptionRad": {
    "min": 0,
    "max": 150,
    "value": 100.49999237060547
  },
  "/seperationW": {
    "min": 0,
    "max": 1,
    "value": 0.5799999833106995
  },
  "/foodPerceptionRad": {
    "min": 0,
    "max": 150,
    "value": 150
  },
  "/volume": {
    "min": 0,
    "max": 1,
    "value": 1
  },
  "/numFood": {
    "min": 0,
    "max": 500,
    "value": 405
  },
  "/aheadDistance": {
    "min": 0,
    "max": 100,
    "value": 30.000001907348633
  },
  "/agentScale": {
    "min": 0,
    "max": 3,
    "value": 2.7599997520446777
  },
  "/flowerScale": {
    "min": 0,
    "max": 1,
    "value": 0.9099999666213989
  },
  "/foodW": {
    "min": 0,
    "max": 2,
    "value": 0.8799999952316284
  },
  "/numAgents": {
    "min": 0,
    "max": 200,
    "value": 39.999996185302734
  }
}