{
  "/wanderingW": {
    "min": 0,
    "max": 1,
    "value": 0.3499999940395355
  },
  "/seperationPerceptionRad": {
    "min": 0,
    "max": 150,
    "value": 85.5
  },
  "/seperationW": {
    "min": 0,
    "max": 10,
    "value": 1.100000023841858
  },
  "/volume": {
    "min": 0,
    "max": 1,
    "value": 1
  },
  "/flowerScale": {
    "min": 0,
    "max": 1,
    "value": 0.949999988079071
  },
  "/foodW": {
    "min": 0,
    "max": 20,
    "value": 1.399999976158142
  },
  "/alignmentPerceptionRad": {
    "min": 0,
    "max": 150,
    "value": 121.5
  },
  "/alignmentW": {
    "min": 0,
    "max": 5,
    "value": 1.0499999523162842
  },
  "/cohesionPerceptionRad": {
    "min": 0,
    "max": 150,
    "value": 121.5
  },
  "/foodPerceptionRad": {
    "min": 0,
    "max": 150,
    "value": 150
  },
  "/cohesionW": {
    "min": 0,
    "max": 5,
    "value": 0.7999999523162842
  },
  "/numFood": {
    "min": 0,
    "max": 500,
    "value": 329.9999694824219
  },
  "/aheadDistance": {
    "min": 0,
    "max": 100,
    "value": 30.000001907348633
  },
  "/agentScale": {
    "min": 0,
    "max": 3,
    "value": 2.0399999618530273
  },
  "/numAgents": {
    "min": 0,
    "max": 200,
    "value": 53.999996185302734
  }
}