{
  "/wanderingW": {
    "min": 0,
    "max": 1,
    "value": 0.3999999761581421
  },
  "/seperationPerceptionRad": {
    "min": 0,
    "max": 150,
    "value": 84
  },
  "/seperationW": {
    "min": 0,
    "max": 1,
    "value": 0.6800000071525574
  },
  "/volume": {
    "min": 0,
    "max": 1,
    "value": 1
  },
  "/flowerScale": {
    "min": 0,
    "max": 1,
    "value": 0.6800000071525574
  },
  "/foodW": {
    "min": 0,
    "max": 2,
    "value": 1.4800000190734863
  },
  "/mediaAvoidanceW": {
    "min": 0,
    "max": 1,
    "value": 0.19999998807907104
  },
  "/foodPerceptionRad": {
    "min": 0,
    "max": 150,
    "value": 87
  },
  "/mediaAttractionW": {
    "min": 0,
    "max": 1,
    "value": 0.8100000023841858
  },
  "/numFood": {
    "min": 0,
    "max": 500,
    "value": 205
  },
  "/aheadDistance": {
    "min": 0,
    "max": 100,
    "value": 30.000001907348633
  },
  "/agentScale": {
    "min": 0,
    "max": 3,
    "value": 1.5299999713897705
  },
  "/mediaPerceptionRad": {
    "min": 0,
    "max": 150,
    "value": 88.49999237060547
  },
  "/numAgents": {
    "min": 0,
    "max": 200,
    "value": 68
  }
}