{
  "/wanderingW": {
    "min": 0,
    "max": 1,
    "value": 0.3100000023841858
  },
  "/seperationPerceptionRad": {
    "min": 0,
    "max": 150,
    "value": 100.49999237060547
  },
  "/seperationW": {
    "min": 0,
    "max": 10,
    "value": 1.1999999284744263
  },
  "/volume": {
    "min": 0,
    "max": 5,
    "value": 0.5
  },
  "/maxWaitTime": {
    "min": 30000,
    "max": 60000,
    "value": 40000
  },
  "/flowerScale": {
    "min": 0,
    "max": 1,
    "value": 0.9199999570846558
  },
  "/foodW": {
    "min": 0,
    "max": 20,
    "value": 1.5999999046325684
  },
  "/alignmentPerceptionRad": {
    "min": 0,
    "max": 150,
    "value": 130.5
  },
  "/alignmentW": {
    "min": 0,
    "max": 5,
    "value": 0.3999999761581421
  },
  "/cohesionPerceptionRad": {
    "min": 0,
    "max": 150,
    "value": 148.5
  },
  "/foodPerceptionRad": {
    "min": 0,
    "max": 150,
    "value": 94.5
  },
  "/cohesionW": {
    "min": 0,
    "max": 5,
    "value": 0.7499999403953552
  },
  "/numFood": {
    "min": 0,
    "max": 500,
    "value": 155
  },
  "/agentScale": {
    "min": 0,
    "max": 3,
    "value": 0.5399999618530273
  },
  "/minWaitTime": {
    "min": 10000,
    "max": 40000,
    "value": 20000
  },
  "/numAgents": {
    "min": 0,
    "max": 200,
    "value": 74.66666412353516
  }
}