{
  "/wanderingW": {
    "min": 0,
    "max": 1,
    "value": 0.3100000023841858
  },
  "/seperationPerceptionRad": {
    "min": 0,
    "max": 150,
    "value": 80.99999237060547
  },
  "/seperationW": {
    "min": 0,
    "max": 10,
    "value": 1.1999999284744263
  },
  "/volume": {
    "min": 0,
    "max": 5,
    "value": 5
  },
  "/flowerScale": {
    "min": 0,
    "max": 1,
    "value": 0.8100000023841858
  },
  "/foodW": {
    "min": 0,
    "max": 20,
    "value": 1.5999999046325684
  },
  "/alignmentPerceptionRad": {
    "min": 0,
    "max": 150,
    "value": 121.5
  },
  "/alignmentW": {
    "min": 0,
    "max": 5,
    "value": 0.7999999523162842
  },
  "/cohesionPerceptionRad": {
    "min": 0,
    "max": 150,
    "value": 121.5
  },
  "/foodPerceptionRad": {
    "min": 0,
    "max": 150,
    "value": 100.49999237060547
  },
  "/cohesionW": {
    "min": 0,
    "max": 5,
    "value": 0.7499999403953552
  },
  "/numFood": {
    "min": 0,
    "max": 500,
    "value": 155
  },
  "/aheadDistance": {
    "min": 0,
    "max": 100,
    "value": 30.000001907348633
  },
  "/agentScale": {
    "min": 0,
    "max": 3,
    "value": 2.18999981880188
  },
  "/numAgents": {
    "min": 0,
    "max": 200,
    "value": 42
  }
}