{
  "/release": {
    "min": 0,
    "max": 2,
    "value": 0.3999999761581421
  },
  "/sustain": {
    "min": 0,
    "max": 2,
    "value": 0.699999988079071
  },
  "/attack": {
    "min": 0,
    "max": 5,
    "value": 0.9999999403953552
  },
  "/decay": {
    "min": 0,
    "max": 2,
    "value": 0.14000000059604645
  }
}